label,title,text
2,Positive Review 1,This product is absolutely fantastic and exceeded all my expectations
2,Positive Review 2,Outstanding quality and excellent customer service experience
2,Positive Review 3,Perfect item exactly as described with fast shipping
2,Positive Review 4,Amazing value for money highly recommend to everyone
2,Positive Review 5,Superb build quality and beautiful design love it
2,Positive Review 6,Excellent product works perfectly as advertised
2,Positive Review 7,Great purchase very satisfied with the quality
2,Positive Review 8,Fantastic item arrived quickly and well packaged
2,Positive Review 9,Perfect condition and exactly what I needed
2,Positive Review 10,Outstanding product quality exceeds expectations
2,Positive Review 11,Brilliant item great value and fast delivery
2,Positive Review 12,Excellent quality product highly recommend
2,Positive Review 13,Amazing customer service and perfect product
2,Positive Review 14,Great item works perfectly love the design
2,Positive Review 15,Perfect purchase exactly as described
2,Positive Review 16,Outstanding value for money excellent quality
2,Positive Review 17,Fantastic product arrived in perfect condition
2,Positive Review 18,Great quality item very happy with purchase
2,Positive Review 19,Excellent service and perfect product quality
2,Positive Review 20,Amazing item exceeded all expectations
1,Negative Review 1,Terrible product completely broken on arrival very disappointed
1,Negative Review 2,Awful quality waste of money do not recommend
1,Negative Review 3,Poor construction broke after one week of use
1,Negative Review 4,Horrible customer service and defective product received
1,Negative Review 5,Very poor quality not as described in listing
1,Negative Review 6,Terrible experience product arrived damaged and unusable
1,Negative Review 7,Awful build quality cheap materials and poor design
1,Negative Review 8,Poor value for money overpriced and low quality
1,Negative Review 9,Horrible product quality control issues evident
1,Negative Review 10,Very disappointing purchase not worth the price
1,Negative Review 11,Terrible item arrived broken and poorly packaged
1,Negative Review 12,Awful experience poor quality and slow shipping
1,Negative Review 13,Poor product design flawed and poorly constructed
1,Negative Review 14,Horrible value completely different from description
1,Negative Review 15,Very poor experience defective item received twice
1,Negative Review 16,Terrible quality materials cheap and poorly made
1,Negative Review 17,Awful customer service unhelpful and rude staff
1,Negative Review 18,Poor shipping damaged package and broken item
1,Negative Review 19,Horrible experience misleading product description
1,Negative Review 20,Very disappointing quality not worth purchasing
